GSISID,Number,Position
19714,9,P
20578,3,K
20712,92,OLB
21140,56,DE
21140,90,DE
21146,93,DE
21451,46s,LS
21451,46,LS
22017,5,P
22045,23,CB
22247,29,FS
22455,48,LS
22684,8,P
22824,8,P
22824,2,P
22839,51,OLB
22923,23,FS
22927,56,ILB
22999,29,FB
23003,60,LS
23013,39,CB
23173,92,LS
23177,59,LS
23259,57,OLB
23298,91,LS
23368,91,DE
23441,24,CB
23449,56,ILB
23534,2,P
23564,43,RB
23740,45,LS
23742,9,P
23750,94,DE
23853,5,K
24030,92,DT
24061,22,CB
24183,24,CB
24217,22,RB
24220,54,OLB
24227,92,DT
24232,52,OLB
24237,91,OLB
24258,41,SS
24272,17,WR
24272,14,WR
24278,55,DE
24278,56,DE
24306,92,DE
24323,73,G
24330,41,FS
24338,94,NT
24341,58,DE
24348,95,DT
24349,50,DE
24417,4,P
24421,41,FS
24429,39d,CB
24429,21,CB
24495,55,OLB
24535,14,WR
25396,19,WR
25401,24,CB
25402,94,OLB
25405,20,CB
25405,25,CB
25406,22,FS
25406,33,FS
25420,97,DT
25421,51,MLB
25434,52,OLB
25470,95,DE
25472,92,NT
25489,96,DE
25495,90,DT
25503,51,LS
25506,73,G
25513,38,FS
25549,87,TE
25555,20,FS
25555,36,FS
25555,24,FS
25630,46,LS
25660,61,LS
25697,57,OLB
25753,27,SS
25825,6,P
25828,59,ILB
25920,50,ILB
25942,92,DE
25945,58,ILB
25999,56,MLB
26019,39,RB
26027,44,LS
26035,80,WR
26069,35,FB
26105,95,DE
26142,95,DE
26142,56,DE
26144,20,RB
26145,90,NT
26151,21,CB
26156,41,CB
26160,21,CB
26175,24,CB
26176,87,WR
26180,21,CB
26182,19,WR
26186,14,WR
26190,93,DE
26194,98,DE
26232,56,DE
26233,41,OLB
26240,27,SS
26243,95,DE
26253,20,FS
26267,83,TE
26280,39,CB
26280,24,CB
26281,82,TE
26283,32,CB
26289,22,RB
26289,34,RB
26293,18,WR
26294,43,OLB
26298,47,TE
26307,93,OLB
26330,77,DT
26393,45,FB
26493,46,LS
26502,99,DT
26512,90,DT
26516,4,P
26564,99,NT
26578,33,FS
26618,72,DE
26664,8,P
26672,50,OLB
26672,53,OLB
26679,6,P
26714,57,LS
26714,57S,LS
26714,57o,LS
26725,55,OLB
26725,57d,OLB
26739,11,WR
26764,14,WR
26832,52,OLB
26844,65,LS
26852,45o,FB
26852,36,FB
26855,30,RB
26857,57,OLB
26857,59,OLB
26858,9,K
26910,20,CB
26932,30,RB
26935,23,CB
26935,33,CB
26944,41,CB
26944,24,CB
26945,39,CB
26957,46o,TE
26957,82,TE
26964,98,DT
26983,88,WR
26989,98,OLB
26990,27,SS
26994,91,DE
27002,52,OLB
27008,90,DE
27010,23,SS
27011,53,MLB
27014,58,MLB
27018,31,FS
27022,98,OLB
27023,23,FS
27033,99,DE
27044,90,DE
27057,15,WR
27057,19,WR
27060,21,FS
27064,26,CB
27067,49D,FS
27067,25,FS
27069,85,TE
27069,80,TE
27072,30d,SS
27081,27,FS
27083,30,SS
27103,10,P
27114,6,P
27115,29,FS
27124,26,FS
27125,86,TE
27135,82,TE
27136,35,CB
27136,30,CB
27139,86,TE
27145,1,P
27150,11,WR
27155,23,RB
27187,45,LS
27187,43o,LS
27187,43,LS
27195,25,SS
27195,31,SS
27197,47,LS
27197,49,LS
27215,82,TE
27218,43,RB
27218,44,RB
27224,46,LS
27232,38,FS
27232,35d,FS
27235,35,SS
27245,57,OLB
27247,47,LS
27256,26,SS
27321,87,TE
27356,15,WR
27375,26,CB
27375,24,CB
27378,42,SS
27416,42,SS
27440,37,CB
27442,51,OLB
27495,90,DE
27495,96,DE
27539,41,SS
27547,35,CB
27557,46,LS
27560,50,OLB
27573,98,DE
27595,81,WR
27608,18,WR
27647,32,FS
27651,33,RB
27651,22,RB
27652,20,FS
27652,29,FS
27653,43,FS
27654,17,WR
27657,99,OLB
27657,58,OLB
27662,96,DE
27663,50,ILB
27668,51,ILB
27675,84,TE
27676,42,SS
27680,31,SS
27682,56,ILB
27684,90,DT
27685,10,WR
27686,98,DT
27691,19,WR
27691,12,WR
27701,97,DE
27704,54,ILB
27704,56,ILB
27705,42,CB
27705,21,CB
27710,25,FS
27718,80,TE
27720,97,DT
27723,96,NT
27725,81,TE
27725,84,TE
27730,54,LB
27732,84,TE
27733,31,SS
27736,23,FS
27737,20,CB
27737,24,CB
27743,27,CB
27744,22,CB
27744,24,CB
27745,92,NT
27753,49,TE
27753,49o,TE
27756,97,DT
27763,41,CB
27763,29,CB
27777,55,OLB
27787,97,DE
27791,44,RB
27793,84,WR
27796,14,QB
27808,97,OLB
27812,57,OLB
27812,97,OLB
27816,80,WR
27816,87,WR
27822,69,DE
27825,82,TE
27825,49,TE
27825,81,TE
27831,44d,ILB
27835,20,SS
27840,36,CB
27840,35,CB
27840,27,CB
27840,36d,CB
27842,27,FS
27853,21,CB
27855,93,NT
27856,93,DT
27859,73,T
27860,21,CB
27860,23,CB
27861,26,RB
27861,26o,RB
27862,93,DE
27865,55,DE
27868,91,OLB
27871,56,OLB
27872,25,CB
27875,75,T
27877,90,DT
27881,55,DE
27882,25,CB
27882,21,CB
27885,98,NT
27891,15,WR
27894,53,MLB
27905,46,FB
27914,34,SS
27918,16,WR
27925,46,FB
27940,58,OLB
27941,99,NT
27943,21,CB
27949,99,DE
27951,90,DT
27952,94,DE
27957,21,CB
27957,20,CB
27958,99,DE
27962,94,DE
27968,96,DE
27975,93,DE
27977,56,OLB
27977,48,OLB
27978,54,ILB
27980,50,DE
27985,84,TE
27988,21,FS
27988,40,FS
27991,99,DT
27996,82,WR
27997,15,WR
27998,29,CB
28000,30,RB
28002,18,WR
28003,97,DT
28005,56,ILB
28006,91,MLB
28006,49,MLB
28007,88,TE
28008,50,OLB
28011,39,RB
28011,4,RB
28011,38,RB
28015,99,DT
28017,80,WR
28019,43,CB
28022,54,ILB
28024,97,DE
28027,20,CB
28027,24,CB
28029,50,ILB
28029,57,ILB
28031,23,FS
28037,50,OLB
28038,21,SS
28041,49,OLB
28041,49d,OLB
28041,93,OLB
28042,88,TE
28050,11,WR
28051,38,CB
28059,43,FS
28059,31,FS
28063,22,RB
28063,26,RB
28063,7,RB
28064,29,RB
28069,31,CB
28074,42,FB
28075,41,CB
28080,97,DT
28081,26,CB
28082,33,SS
28082,49,SS
28083,32,RB
28083,35,RB
28091,14,WR
28091,12,WR
28091,17,WR
28092,25,CB
28093,84,TE
28100,55,OLB
28100,56,OLB
28100,43,OLB
28102,23,CB
28103,92,OLB
28105,81,WR
28111,41,CB
28114,17,WR
28116,19,WR
28121,22,RB
28121,31w,RB
28121,28,RB
28121,6,RB
28121,31o,RB
28128,42,SS
28130,5,P
28133,55,OLB
28142,85,TE
28149,49,FB
28171,93,DT
28172,57,OLB
28172,54,OLB
28172,52,OLB
28173,38,SS
28198,44,RB
28198,41o,RB
28202,24,RB
28202,25o,RB
28202,25,RB
28224,25,CB
28237,15,WR
28238,49,TE
28249,15,WR
28249,16,WR
28249,10,WR
28249,11,WR
28256,70,DT
28256,96,DT
28263,18,WR
28278,57,ILB
28284,48,LS
28292,50,RB
28292,43,RB
28334,30,CB
28339,97,DE
28345,48,RB
28368,42,OLB
28368,49g,OLB
28368,56,OLB
28368,49d,OLB
28374,86,LS
28394,44,LS
28409,32,RB
28409,35,RB
28411,15,WR
28424,91,DT
28434,89,WR
28441,39,SS
28441,32,SS
28441,23,SS
28443,51,OLB
28443,57,OLB
28445,38,FS
28454,58,OLB
28454,55,OLB
28495,94,DE
28497,17,WR
28497,11,WR
28497,1,WR
28536,42,LB
28536,56,LB
28536,50,LB
28564,24,FS
28581,42,FB
28600,96,ILB
28601,27,SS
28620,94,OLB
28662,39,CB
28664,6,P
28698,53,OLB
28702,13,WR
28767,41,CB
28767,24,CB
28795,34,RB
28823,66,OLB
28825,11,WR
28834,52,OLB
28836,57,MLB
28838,84,TE
28845,47,LS
28846,25,FS
28872,6,P
28899,23,FS
28903,88,TE
28908,31,SS
28912,55,OLB
28918,89,WR
28924,39,FS
28932,54,ILB
28942,29,SS
28943,51,ILB
28943,58,ILB
28946,46,LS
28952,2,P
28954,20,SS
28954,21,SS
28958,46,TE
28979,90,LB
28987,89,TE
28994,85,TE
28995,87,WR
28996,35,CB
29000,11,WR
29004,25,RB
29008,47,LS
29010,65,G
29033,18,WR
29033,8,WR
29033,14,WR
29033,83,WR
29048,29,RB
29048,22,RB
29048,36,RB
29050,47,CB
29051,17,WR
29053,59,DE
29053,56,DE
29061,51,MLB
29065,29,CB
29065,41,CB
29068,40,FB
29087,24,CB
29087,23,CB
29091,79,T
29107,33,SS
29112,56,DE
29112,95,DE
29119,89,TE
29119,86,TE
29123,7,P
29129,10,WR
29129,8,WR
29129,81,WR
29130,54,OLB
29134,48,LS
29141,46,RB
29142,27,SS
29159,15,WR
29177,40D,SS
29177,40,SS
29191,35,CB
29193,51,DE
29205,39,RB
29205,38,RB
29208,95,DT
29212,59,OLB
29214,39,CB
29215,43,FS
29239,38,RB
29248,59,MLB
29250,58,OLB
29252,91,DE
29255,54,MLB
29257,94,DE
29261,26,CB
29269,12,WR
29272,53,OLB
29273,33,RB
29277,96,DE
29279,56,OLB
29280,33,CB
29287,59,ILB
29289,54,ILB
29289,56,ILB
29294,46,CB
29294,30,CB
29294,31d,CB
29294,31,CB
29295,20,CB
29297,39,FS
29298,30,RB
29299,23,CB
29303,97,DE
29304,3,P
29308,87,TE
29310,57,DE
29314,49,CB
29314,31,CB
29319,15,WR
29319,11,WR
29329,31,CB
29329,23,CB
29329,27,CB
29336,10,WR
29343,86,WR
29384,31,RB
29384,38,RB
29384,43,RB
29388,10,WR
29388,14,WR
29391,84,TE
29394,11,WR
29408,53,OLB
29409,95,OLB
29410,32,SS
29412,75,DE
29414,82,TE
29414,44,TE
29414,84,TE
29414,85,TE
29415,17,WR
29416,35,CB
29417,93,DE
29418,52,OLB
29422,37,FS
29440,47o,TE
29479,59,OLB
29492,49,FB
29493,9,P
29493,4,P
29510,34o,RB
29510,41,RB
29520,35,SS
29529,30,CB
29529,24,CB
29529,21,CB
29530,28,CB
29534,83,TE
29542,24,CB
29543,71,T
29545,57,OLB
29553,39,FS
29553,20,FS
29560,27,CB
29562,54,OLB
29566,53,ILB
29568,97,DT
29570,43,FS
29575,26,FS
29575,36,FS
29575,29,FS
29577,59,ILB
29578,46d,MLB
29578,57,MLB
29585,55,DE
29586,95,DE
29587,85,TE
29588,47,RB
29594,55,ILB
29600,50,DE
29601,82,TE
29606,22,FS
29607,56,OLB
29608,13,WR
29612,38o,RB
29612,38,RB
29612,43o,RB
29614,19,WR
29617,46,OLB
29620,54,ILB
29626,22,RB
29627,58,DT
29629,54,ILB
29630,90,DE
29634,84,TE
29639,30,CB
29640,83,WR
29641,98,DE
29643,59,OLB
29647,51,OLB
29653,91,DT
29657,96,DT
29658,38,CB
29658,30,CB
29660,16,WR
29660,87,WR
29669,54,OLB
29673,15,WR
29676,24,CB
29676,21,CB
29681,20,CB
29683,23,RB
29688,92,NT
29689,83,TE
29690,22,CB
29691,26,FS
29692,9,P
29693,54,DE
29696,31,CB
29696,37,CB
29697,82,TE
29714,48,LS
29714,49,LS
29729,46o,FB
29729,35,FB
29729,46,FB
29731,43,RB
29738,87,TE
29739,5,P
29739,10,P
29740,80,TE
29744,45,ILB
29744,57,ILB
29747,31,FS
29747,37,FS
29747,32,FS
29755,87,TE
29764,38,FS
29770,54,ILB
29792,55,OLB
29792,58,OLB
29793,85,TE
29793,86,TE
29794,53,ILB
29794,56,ILB
29795,26,RB
29795,30,RB
29795,23,RB
29795,26o,RB
29799,55,DE
29799,56,DE
29815,46d,OLB
29815,51,OLB
29815,47,OLB
29818,1,WR
29825,27,CB
29829,28,CB
29844,57,OLB
29848,15,WR
29869,51,ILB
29876,38,CB
29878,48,TE
29879,47,LS
29888,35,CB
29888,26,CB
29888,23,CB
29890,64,NT
29892,44,FB
29898,01d,CB
29901,5,CB
29901,30,CB
29910,82,TE
29931,48,FB
29931,39o,FB
29931,42,FB
29934,14,WR
29942,28,CB
29942,20,CB
29942,26,CB
29946,95,NT
29955,53,OLB
29958,25,FS
29958,30,FS
29958,23,FS
29959,46,LS
29972,64,DT
29975,42,FS
29975,42d,FS
29977,38,RB
29979,58,OLB
29981,16,DB
29981,37,DB
29984,6,P
29999,44,TE
30000,10,WR
30000,84,WR
30010,51,OLB
30020,41,FS
30023,37,SS
30025,96,DT
30027,49d,OLB
30033,52,OLB
30034,85,WR
30035,19,WR
30039,30,RB
30039,30o,RB
30041,23,CB
30041,21,CB
30048,90,DE
30049,89,TE
30049,87,TE
30050,54,OLB
30050,55,OLB
30059,94,DE
30060,32,SS
30061,86,TE
30062,23,CB
30064,57,ILB
30069,58,DE
30069,97,DE
30070,73,DT
30072,79,DT
30073,31,SS
30073,27,SS
30074,69,T
30079,98,DE
30080,42,SS
30080,28,SS
30084,36,SS
30087,30,SS
30088,92,NT
30089,82,TE
30090,23,SS
30090,33,SS
30091,15,WR
30091,12,WR
30092,6,P
30093,60,DT
30095,11,WR
30100,55,ILB
30101,59d,OLB
30101,59,OLB
30104,50,ILB
30106,93,DT
30106,52,DT
30109,53,OLB
30109,48,OLB
30112,40,FB
30113,12,WR
30114,33,FS
30114,21,FS
30117,33,RB
30117,33O,RB
30119,49,ILB
30119,94,ILB
30119,58,ILB
30119,97,ILB
30120,1,RB
30121,95,DE
30124,48,MLB
30127,31,CB
30127,41,CB
30129,48,TE
30131,40d,OLB
30131,40,OLB
30131,49,OLB
30132,96,DT
30135,19,WR
30140,5,P
30142,9,P
30147,89,WR
30147,19,WR
30148,71,NT
30153,42,DB
30154,14,WR
30154,85,WR
30155,84,TE
30160,95,OLB
30161,30,SS
30170,45,FS
30171,85,TE
30171,86,TE
30181,84,TE
30187,86,WR
30187,19,WR
30196,38,SS
30197,44,OLB
30210,47,MLB
30210,55,MLB
30216,89,TE
30228,21,CB
30235,46,OLB
30240,7,WR
30240,16,WR
30241,95,OLB
30246,52,ILB
30247,37o,RB
30247,38o,RB
30247,38,RB
30251,96,DE
30263,34d,CB
30263,38,CB
30263,31,CB
30272,49o,TE
30273,65,G
30274,19,WR
30274,16,WR
30275,30,CB
30278,51,ILB
30280,34,RB
30281,53,OLB
30282,30,RB
30282,30o,RB
30283,23,CB
30283,41,CB
30283,21,CB
30286,58,OLB
30287,38,RB
30287,38o,RB
30288,33,RB
30288,34o,RB
30288,34,RB
30289,30,SS
30290,17,WR
30290,83,WR
30294,23,SS
30294,22,SS
30300,13,WR
30312,37,SS
30314,57,LB
30317,20,FS
30317,47,FS
30317,43,FS
30317,36,FS
30322,29,CB
30322,36,CB
30371,44d,DE
30371,44,DE
30380,93,DE
30382,51,MLB
30383,30,SS
30384,53,OLB
30384,44,OLB
30385,50,ILB
30385,51,ILB
30386,92,DE
30387,51,DE
30391,25,RB
30392,56,MLB
30395,35,FS
30395,20,FS
30396,50,OLB
30396,56,OLB
30400,15,WR
30401,47,OLB
30402,97,DT
30403,30,CB
30403,28,CB
30403,38,CB
30404,25o,RB
30405,9,P
30405,18,P
30410,3,P
30411,26,CB
30412,29,SS
30412,25,SS
30414,32,RB
30421,51,OLB
30421,91,OLB
30424,54,DE
30425,95,DE
30425,71,DE
30427,36,FS
30432,32,RB
30433,35,RB
30434,98,ILB
30435,37,CB
30442,51,DE
30443,80,TE
30448,99,DT
30449,94,DT
30449,99,DT
30449,92,DT
30450,11,WR
30451,25,CB
30451,39d,CB
30451,35,CB
30455,98,DT
30456,25,RB
30457,95,DE
30458,44,OLB
30458,59,OLB
30459,32,FS
30463,53,OLB
30463,56,OLB
30465,38,RB
30465,24,RB
30465,34,RB
30469,39,CB
30469,35,CB
30469,27,CB
30470,89,TE
30471,36,SS
30474,17,WR
30474,82,WR
30484,21,CB
30484,27,CB
30487,27,CB
30487,29,CB
30488,95,LB
30491,24,SS
30491,39,SS
30499,95,OLB
30502,50,OLB
30502,47,OLB
30502,52,OLB
30503,57,DE
30504,71,G
30507,96,NT
30511,98,DT
30514,81,TE
30515,92,DE
30516,19,WR
30517,51,OLB
30517,47,OLB
30518,96,DE
30518,44,DE
30518,52,DE
30519,31,CB
30519,39,CB
30519,4,CB
30519,04d,CB
30521,17,WR
30523,36,CB
30523,21,CB
30525,11,WR
30527,52,ILB
30528,23,CB
30529,54,ILB
30529,55,ILB
30529,51,ILB
30530,25,SS
30530,22,SS
30535,42d,CB
30538,37,SS
30539,27,CB
30539,21,CB
30541,38,CB
30541,25,CB
30541,33,CB
30543,27,SS
30544,89,TE
30547,16,RB
30548,35,SS
30551,6,P
30555,95,DE
30556,37,CB
30556,23,CB
30557,45,SS
30557,26,SS
30558,52,OLB
30558,51,OLB
30559,26,SS
30559,33,SS
30562,21,CB
30563,45,OLB
30566,36,FS
30572,31,CB
30572,25,CB
30573,91,DT
30574,73,DT
30575,29,CB
30576,56,DT
30576,95,DT
30577,96,DT
30577,92,DT
30578,84,WR
30579,75,T
30592,27,CB
30615,41,LS
30634,49,OLB
30634,49m,OLB
30640,36,SS
30640,46,SS
30644,43,S
30644,35,S
30650,41,OLB
30650,35,OLB
30656,34,RB
30659,17,WR
30659,10,WR
30663,83,WR
30665,49,SS
30668,35,RB
30669,12,WR
30670,16,WR
30671,9,WR
30671,89,WR
30675,22,CB
30675,25,CB
30682,37,FS
30682,27,FS
30685,33,RB
30687,53,OLB
30687,45,OLB
30687,54,OLB
30691,88,WR
30691,17,WR
30695,46,DB
30695,26,DB
30696,9,P
30697,98,DT
30699,29,CB
30699,27,CB
30699,30,CB
30700,54,ILB
30703,44,CB
30703,29,CB
30705,40,RB
30707,86,TE
30709,83,WR
30710,88,TE
30710,47,TE
30711,32o,RB
30711,32,RB
30734,47,CB
30734,39d,CB
30734,39,CB
30737,16,WR
30740,33,S
30741,45,FB
30743,18,WR
30743,15,WR
30743,17,WR
30752,91,OLB
30756,43o,RB
30757,98,NT
30758,80,TE
30761,48,ILB
30767,31,SS
30767,23,SS
30768,46,ILB
30768,46d,ILB
30768,56,ILB
30769,34,FS
30770,52,MLB
30770,50,MLB
30776,72,DE
30780,89,TE
30785,49,FB
30786,38,RB
30789,26,RB
30792,64,G
30797,87,WR
30801,16,WR
30802,20,CB
30802,41d,CB
30805,85,TE
30806,85,TE
30807,6,WR
30807,81,WR
30822,83,TE
30826,47,CB
30826,43d,CB
30828,86,T
30832,45,TE
30836,42d,DB
30854,86,TE
30856,12,WR
30860,26,RB
30864,75,DE
30864,97,DE
30871,78,DT
30874,26,RB
30881,95,OLB
30881,57,OLB
30883,97,DT
30892,69,DT
30896,7,K
30897,6,WR
30914,83,WR
30916,36,SS
30917,43,CB
30921,95,DT
30932,16,WR
30946,61,DE
30957,42,LS
30963,35,CB
30963,38,CB
30963,35d,CB
30968,41,FB
30982,39,CB
30982,47,CB
30982,38,CB
30986,93,DT
30990,15,WR
30990,13,WR
30993,59,OLB
30994,90,NT
31000,57,OLB
31000,51,OLB
31001,83,WR
31009,1,WR
31009,18,WR
31015,23,CB
31016,31,CB
31016,37,CB
31018,59,ILB
31018,52,ILB
31019,63,C
31020,27,CB
31020,40,CB
31021,84,WR
31021,10,WR
31023,81,WR
31025,12,WR
31025,15,WR
31026,58,ILB
31027,49,OLB
31035,85,TE
31039,53,C
31040,52,OLB
31041,23,CB
31042,88,TE
31044,87,TE
31048,93,DT
31050,96,OLB
31051,12,WR
31052,26,CB
31054,90,DE
31055,44,RB
31056,84,WR
31057,25,RB
31057,25o,RB
31058,45,ILB
31058,54,ILB
31058,53,ILB
31059,28,FS
31059,34d,FS
31059,42,FS
31060,13,WR
31061,36,CB
31062,28,RB
31063,25,FS
31063,43,FS
31065,94,DE
31066,34,RB
31068,14,WR
31070,29,FS
31071,97,DT
31072,40,SS
31072,42,SS
31075,28,RB
31079,16,P
31080,39,CB
31081,91,DE
31084,37,LB
31084,47,LB
31085,45,FB
31087,29,FS
31089,94,DT
31090,25,CB
31090,24,CB
31097,39,CB
31097,38,CB
31098,39,FS
31101,48,OLB
31102,35,RB
31102,39,RB
31102,26,RB
31103,98,DT
31105,94,DE
31105,92,DE
31112,5,K
31113,75o,T
31116,38d,CB
31118,10,WR
31119,33d,CB
31119,40,CB
31120,53,MLB
31121,85,TE
31121,82,TE
31123,24o,RB
31130,52,OLB
31138,53,ILB
31140,81,TE
31140,83,TE
31151,20,CB
31151,40,CB
31155,40,MLB
31156,69,LS
31156,48,LS
31158,25,RB
31158,34,RB
31161,59,OLB
31161,50,OLB
31166,10,WR
31167,80,TE
31170,93,DT
31171,52,MLB
31172,99,DT
31173,26,SS
31175,54,DE
31175,91,DE
31175,55,DE
31176,24,CB
31177,96,DE
31181,37,SS
31186,27,CB
31186,25,CB
31186,20,CB
31186,27d,CB
31188,24,CB
31189,13,WR
31190,36o,RB
31193,93,NT
31196,52,OLB
31208,57,DE
31208,40,DE
31208,42,DE
31208,58,DE
31209,34,RB
31209,32o,RB
31218,21,CB
31228,18,WR
31232,21,CB
31232,32,CB
31232,30,CB
31235,13,WR
31236,10,WR
31239,38,CB
31241,59,OLB
31242,93,DT
31243,27,RB
31243,36,RB
31244,58,OLB
31253,24,CB
31254,96,DT
31255,96,OLB
31255,91,OLB
31256,55,OLB
31257,10,WR
31258,97,OLB
31259,22,CB
31260,82,TE
31261,33,FS
31262,25,CB
31262,23,CB
31263,54,ILB
31264,98,DE
31264,94,DE
31267,40,SS
31267,32,SS
31268,19,WR
31269,38,CB
31270,96,NT
31271,40o,FB
31272,31,S
31273,84,TE
31276,23,CB
31276,37d,CB
31277,32,RB
31281,77,DT
31284,64,C
31286,49o,TE
31290,59,MLB
31290,53,MLB
31291,86,WR
31296,57,ILB
31297,55,OLB
31298,25,CB
31300,93,DE
31304,93,DE
31304,94,DE
31307,35,SS
31308,58,ILB
31308,57,ILB
31309,50,OLB
31312,39,FS
31312,30,FS
31313,58,MLB
31313,59,MLB
31313,52,MLB
31315,14,WR
31315,15,WR
31316,49d,LB
31317,78,DE
31326,10,WR
31326,12,WR
31327,81,WR
31328,25,CB
31328,35d,CB
31328,35,CB
31328,37,CB
31331,35,CB
31331,26,CB
31331,28,CB
31331,40,CB
31332,33,RB
31332,33o,RB
31333,21,FS
31334,22,CB
31336,94,DE
31338,31,SS
31338,29,SS
31338,23,SS
31338,24,SS
31339,10,WR
31343,29,SS
31343,25,SS
31344,14,WR
31346,78,DT
31347,39,FS
31348,59,ILB
31349,61,C
31350,52,ILB
31352,9,CB
31354,57,ILB
31357,42,CB
31357,29,CB
31360,53,OLB
31361,58,OLB
31363,3,P
31363,08d,P
31363,5,P
31364,90,OLB
31365,50,ILB
31366,20,ILB
31371,90,DE
31371,97,DE
31372,29,CB
31376,21,RB
31380,21,CB
31382,14,WR
31383,41,CB
31383,37,CB
31384,82,TE
31388,99,DT
31389,20,FS
31390,34o,RB
31393,31,SS
31394,28,CB
31394,33,CB
31397,36,SS
31397,25,SS
31397,24,SS
31404,31,SS
31411,90,DE
31412,91,DE
31413,20O,RB
31414,36,CB
31414,23,CB
31414,30,CB
31414,33,CB
31418,87,TE
31418,88,TE
31420,2,P
31420,9,P
31425,91,OLB
31427,51,ILB
31431,11,WR
31433,70,G
31438,21,CB
31438,24,CB
31459,28,RB
31462,84,TE
31462,86,TE
31474,40,CB
31482,47,OLB
31482,43d,OLB
31484,86,TE
31484,82,TE
31487,19,WR
31491,52,ILB
31502,4,P
31504,17,WR
31506,19,WR
31509,54,OLB
31509,44,OLB
31511,11,WR
31511,18,WR
31512,35,FS
31514,11,WR
31518,40,OLB
31521,37,CB
31521,44,CB
31521,20,CB
31525,48,LB
31525,49,LB
31531,40o,RB
31531,35o,RB
31533,86,TE
31542,50,LB
31546,26,CB
31548,30,CB
31549,13,WR
31549,17,WR
31550,54,OLB
31551,91,NT
31552,32,CB
31553,55,ILB
31554,54,MLB
31555,32,CB
31555,25,CB
31556,44,DE
31557,97,DT
31558,87,TE
31559,37,SS
31560,11,WR
31562,58,DE
31563,33,CB
31564,55,OLB
31565,99,DE
31566,98,DE
31570,14,WR
31570,16,WR
31571,26,SS
31574,97,DT
31576,90,OLB
31577,37,RB
31578,47,ILB
31583,97,DT
31584,38,FS
31585,83,TE
31585,80,TE
31586,22,FS
31587,28,CB
31588,14,WR
31590,23,RB
31591,41,DB
31592,54,DT
31594,36,CB
31595,46,FB
31595,46o,FB
31596,55,MLB
31597,33,CB
31597,21,CB
31598,86,TE
31599,34,RB
31600,12,WR
31602,46,MLB
31606,41,DB
31607,96,DE
31608,28,SS
31609,83,TE
31609,86,TE
31610,84,TE
31612,22,FB
31613,56,LB
31614,57,OLB
31614,58,OLB
31616,58,ILB
31617,86,TE
31619,95,DE
31620,93,NT
31624,53,OLB
31624,51,OLB
31625,22,RB
31625,35o,RB
31625,35,RB
31628,27,CB
31628,27d,CB
31629,28,SS
31629,36,SS
31630,25,CB
31630,38d,CB
31635,14,WR
31645,10,WR
31653,60d,DT
31657,27,FS
31657,43,FS
31660,49,TE
31661,45,OLB
31665,34,RB
31666,44,OLB
31673,30d,CB
31676,94,DT
31678,40,SS
31678,25,SS
31679,14,WR
31680,27,SS
31680,39,SS
31680,35,SS
31682,28,RB
31683,38d,CB
31684,14,WR
31686,60,DE
31687,25,RB
31687,31,RB
31687,35,RB
31687,31o,RB
31688,22,CB
31688,35d,CB
31690,83,TE
31693,96,DT
31696,50,ILB
31697,87,WR
31700,35d,CB
31702,59,ILB
31704,53,ILB
31706,47o,FB
31706,47,FB
31707,50,ILB
31710,16,WR
31711,84,TE
31713,94,DT
31716,4,P
31719,45,MLB
31723,44,LB
31728,49,ILB
31728,56,ILB
31728,59,ILB
31729,57,OLB
31729,50,OLB
31731,30,RB
31732,86,TE
31733,30,CB
31733,41,CB
31738,36,SS
31738,39,SS
31740,46,ILB
31743,31,RB
31743,33,RB
31744,81,TE
31746,41,RB
31747,14,WR
31753,22,CB
31754,37,FS
31754,22D,FS
31754,32D,FS
31754,31,FS
31755,28,SS
31756,39d,S
31756,39,S
31757,8,WR
31757,13,WR
31762,45,OLB
31763,14,WR
31768,33O,RB
31768,37,RB
31768,37o,RB
31768,25,RB
31770,28d,S
31770,28,S
31773,47,CB
31782,17,WR
31785,32,CB
31787,84,WR
31788,88,TE
31790,41,S
31791,52,MLB
31793,39,RB
31793,35,RB
31793,38,RB
31793,39o,RB
31796,28,CB
31796,22,CB
31799,41,FS
31801,11,WR
31801,18,WR
31803,49,FB
31806,39,RB
31806,34o,RB
31806,34,RB
31810,40,CB
31811,42d,S
31811,42,S
31813,45,FB
31814,96,OLB
31815,50,OLB
31815,52,OLB
31815,55,OLB
31818,15,WR
31818,12,WR
31826,38,RB
31826,43,RB
31829,36,CB
31829,23,CB
31831,85,TE
31834,18,WR
31835,45d,OLB
31838,45d,LB
31843,91,DE
31844,22d,SS
31844,22,SS
31845,36,S
31846,16,WR
31847,53,OLB
31847,49,OLB
31847,52,OLB
31847,50,OLB
31854,14,WR
31856,36,OLB
31856,36d,OLB
31857,39,CB
31859,94,OLB
31860,37,FS
31861,43,FB
31862,49d,ILB
31862,49,ILB
31862,49g,ILB
31864,86,TE
31866,79,DE
31867,50,S
31868,18,WR
31870,29,SS
31871,71,OLB
31871,71d,OLB
31875,32,RB
31876,6,P
31876,2,P
31878,31,CB
31878,40,CB
31882,43,SS
31884,85,TE
31884,82,TE
31885,35,RB
31890,53d,OLB
31894,38,S
31895,42,SS
31895,43d,SS
31895,40,SS
31900,45,RB
31902,58,ILB
31904,37,CB
31907,39,CB
31911,45,LS
31911,59,LS
31912,81,WR
31913,18,WR
31914,72,DT
31915,53,ILB
31919,23,SS
31922,82,TE
31922,86,TE
31929,54,OLB
31929,53,OLB
31930,48,OLB
31931,49,OLB
31932,16,WR
31933,92,DE
31934,19,WR
31935,94,OLB
31937,24,CB
31939,31,RB
31939,34,RB
31939,31o,RB
31940,96,DE
31940,92,DE
31941,80,WR
31943,53,ILB
31944,24d,CB
31945,50,ILB
31946,45,LB
31946,55,LB
31947,95,NT
31948,96,DE
31948,95,DE
31949,27,CB
31950,58,OLB
31950,57,OLB
31951,88,TE
31951,80,TE
31953,11,WR
31953,18,WR
31953,81,WR
31954,85,WR
31955,43d,CB
31956,56,OLB
31957,99,DT
31959,23,RB
31959,34o,RB
31959,34,RB
31960,01o,WR
31960,81,WR
31961,53,MLB
31961,46,MLB
31962,15,WR
31968,45,TE
31968,88,TE
31968,45o,TE
31972,17,WR
31972,15,WR
31981,76,DT
31982,75,DE
31982,95,DE
31982,96,DE
31982,42,DE
31986,30o,RB
31989,29d,SS
31989,29,SS
31991,20,CB
31991,31,CB
31994,48,LS
31994,44,LS
31996,82,TE
31997,95,DE
31999,59,OLB
31999,53,OLB
31999,51,OLB
32004,45,TE
32004,82,TE
32006,82,TE
32006,85,TE
32007,47d,CB
32007,47,CB
32008,17,WR
32009,10,WR
32009,11,WR
32012,15,WR
32014,30,CB
32034,69,DT
32034,90,DT
32041,28,CB
32041,31,CB
32041,37,CB
32042,35,FS
32044,41,LB
32048,31,RB
32048,34o,RB
32048,34,RB
32050,43,FS
32052,56,DE
32056,44,DE
32057,29,SS
32059,25,CB
32059,26,CB
32060,57,OLB
32060,58,OLB
32061,96,DT
32062,81,TE
32062,84,TE
32063,22,RB
32063,39o,RB
32064,18,WR
32065,5,P
32066,28,CB
32068,42,FB
32069,36,SS
32069,31,SS
32070,13,WR
32072,83,TE
32074,58,OLB
32080,2,WR
32081,48,ILB
32082,40,RB
32084,58,OLB
32084,49,OLB
32089,82,TE
32090,36,RB
32094,44,LB
32094,58,LB
32098,85,TE
32098,83,TE
32102,44,OLB
32102,50,OLB
32106,29,CB
32107,95,DE
32108,23,FS
32109,58,MLB
32110,51,OLB
32111,47,OLB
32112,14,WR
32113,80,WR
32114,48,OLB
32114,53,OLB
32114,48d,OLB
32115,12,WR
32115,16,WR
32115,83,WR
32115,13,WR
32116,93,DT
32117,84,TE
32120,87,TE
32120,85,TE
32121,9,WR
32122,47,RB
32123,18,WR
32123,10,WR
32127,44,DE
32128,17,WR
32129,58,MLB
32130,45,FB
32131,95,DT
32132,76,G
32133,23,RB
32134,87,TE
32135,81,TE
32136,37,CB
32137,33,DB
32137,38,DB
32137,36,DB
32138,98,NT
32139,83,TE
32141,87,TE
32143,55,DT
32146,48,OLB
32150,20,CB
32153,54,OLB
32157,39,CB
32160,16,WR
32162,99,DT
32162,97,DT
32164,91,DE
32165,22,CB
32166,10,WR
32166,14,WR
32167,47,OLB
32168,26,CB
32170,13,WR
32171,52,MLB
32171,50,MLB
32174,01o,WR
32181,96,OLB
32185,81,TE
32188,16,TE
32188,88,TE
32189,97,LB
32190,87,TE
32190,82,TE
32190,83,TE
32195,28,CB
32195,35,CB
32195,41,CB
32198,24,FS
32198,39,FS
32200,88,RB
32201,50,MLB
32205,58,OLB
32208,15,WR
32210,55,DE
32211,16,WR
32212,23,CB
32213,57,LB
32214,81,TE
32215,57,OLB
32218,18,WR
32218,17,WR
32221,56,OLB
32227,82,TE
32228,49,LS
32239,31,CB
32240,44,OLB
32248,54,ILB
32250,18,WR
32250,82,WR
32251,23,FS
32256,88,TE
32257,29,RB
32261,90,DT
32262,21,SS
32265,97,DE
32267,32,CB
32269,96,DE
32270,81,WR
32271,20,CB
32273,38,CB
32276,88,LS
32277,16,WR
32279,37,DB
32283,39,RB
32284,66,LB
32287,19,WR
32290,38,CB
32290,37,CB
32298,34,RB
32298,48,RB
32312,80,WR
32319,88,TE
32320,41,SS
32320,30,SS
32322,38,FS
32322,23,FS
32322,27,FS
32323,39,ILB
32323,45,ILB
32323,49d,ILB
32325,10,WR
32326,30,CB
32331,42o,LS
32332,38,DB
32333,16,WR
32341,81,WR
32342,6,WR
32343,36,SS
32344,67d,DE
32346,32,CB
32347,83,TE
32350,39d,SS
32350,39,SS
32350,42,SS
32351,2,WR
32353,40,CB
32353,28,CB
32353,40d,CB
32355,80,WR
32355,3,WR
32357,65d,DE
32358,5,WR
32359,59,OLB
32360,37,CB
32361,92,OLB
32362,13,WR
32363,39d,S
32363,39,S
32365,15,WR
32365,82,WR
32366,46d,ILB
32366,44,ILB
32367,40,OLB
32369,72,DE
32369,72d,DE
32371,32,RB
32371,20,RB
32371,22o,RB
32372,10,WR
32372,5,WR
32375,40,FB
32375,38o,FB
32377,39,RB
32377,34,RB
32378,99,DT
32379,24,CB
32379,28,CB
32382,22,FS
32385,87,WR
32386,51,OLB
32387,90,DT
32388,45,MLB
32389,20,CB
32390,41,CB
32390,24,CB
32392,81,TE
32393,22,RB
32394,81,TE
32396,99,DT
32398,10,WR
32399,35,FS
32401,59,OLB
32402,91,DT
32403,38,CB
32403,32,CB
32404,34,RB
32405,64o,G
32406,44,ILB
32408,50,ILB
32410,36,CB
32410,33,CB
32412,94,DE
32413,98,DE
32415,99,OLB
32415,91,OLB
32416,99,DE
32417,28,RB
32417,39o,RB
32421,20,SS
32421,36,SS
32422,40,MLB
32423,11,WR
32425,52,MLB
32426,36,RB
32426,34,RB
32428,49,OLB
32428,91,OLB
32429,89,TE
32430,89,TE
32431,14,QB
32433,68,T
32435,69,DT
32437,54,OLB
32437,48d,OLB
32438,39,CB
32438,26,CB
32438,49,CB
32439,42,LS
32439,42O,LS
32440,38o,RB
32441,13,WR
32442,52,ILB
32443,53o,C
32444,41,OLB
32448,64d,DE
32448,64,DE
32448,91,DE
32449,4,P
32450,36,RB
32451,87,WR
32452,44,OLB
32452,50,OLB
32453,11,WR
32454,27,SS
32456,30d,CB
32456,30,CB
32458,5,WR
32460,46,ILB
32464,83,WR
32464,84,WR
32464,19,WR
32465,21,CB
32465,01d,CB
32467,48,LB
32468,47,LB
32470,54,OLB
32470,58,OLB
32470,59,OLB
32471,59,OLB
32472,38,FB
32475,6,WR
32475,19,WR
32477,45,CB
32479,45,FS
32479,40,FS
32479,40d,FS
32480,65,DE
32480,54,DE
32480,75,DE
32482,2,WR
32482,45,WR
32484,68,OLB
32484,59,OLB
32485,30d,CB
32486,57,LS
32486,86,LS
32486,46o,LS
32488,17,WR
32489,38,S
32491,49,OLB
32491,54,OLB
32494,48,LS
32496,33d,SS
32496,41,SS
32497,69,LS
32497,69o,LS
32498,41,CB
32498,45,CB
32498,47,CB
32499,48,FB
32499,47o,FB
32502,52,ILB
32505,1,P
32508,89,TE
32508,84,TE
32511,38d,CB
32513,50,LB
32515,46,TE
32515,84,TE
32515,86,TE
32515,81,TE
32517,43,FS
32517,20,FS
32519,41,LB
32521,40,CB
32521,31,CB
32521,48,CB
32523,81,TE
32523,83,TE
32523,84,TE
32524,19,WR
32525,26,FS
32525,47,FS
32531,7,P
32531,2,P
32534,41o,TE
32537,83,WR
32537,13,WR
32540,39,RB
32540,33,RB
32543,12,WR
32545,45,LB
32546,28,CB
32550,17,WR
32552,38,CB
32552,38D,CB
32553,16,WR
32554,1,WR
32557,86,TE
32559,84,WR
32560,45,FS
32562,89,TE
32564,57d,OLB
32566,93,DT
32571,57,OLB
32572,42,LB
32573,48,ILB
32574,97,NT
32576,9,CB
32577,27o,RB
32577,27,RB
32578,74,DT
32580,31,CB
32581,22,CB
32581,35,CB
32582,81,TE
32582,44,TE
32583,48o,TE
32584,1,K
32586,48,LB
32592,20,SS
32592,20D,SS
32593,20o,RB
32593,34,RB
32593,31o,RB
32596,34,CB
32598,33,CB
32599,82,TE
32602,14,WR
32602,21,WR
32602,37,WR
32602,85,WR
32606,86,TE
32607,67d,DE
32607,67,DE
32608,56,OLB
32609,9,WR
32610,62,DE
32611,35o,RB
32611,42,RB
32615,59,LS
32615,49,LS
32617,40,CB
32617,29,CB
32617,30,CB
32618,89,TE
32619,57,OLB
32620,37,SS
32621,87,WR
32622,41,OLB
32623,44,OLB
32625,82,WR
32626,81,WR
32627,43,OLB
32627,52,OLB
32628,29,FS
32629,43,ILB
32631,20,CB
32633,93,OLB
32635,28,CB
32637,33,FS
32639,35,RB
32641,38,CB
32643,23,CB
32643,39,CB
32643,39d,CB
32644,1,P
32650,81,TE
32650,88,TE
32652,16,CB
32652,26,CB
32653,2,WR
32655,78,DE
32656,86,WR
32657,99,DE
32659,82,WR
32659,18,WR
32660,92,DT
32661,84,TE
32663,33d,CB
32663,39,CB
32664,48,MLB
32664,48d,MLB
32667,74,DE
32667,95,DE
32667,47d,DE
32668,40o,TE
32670,53,OLB
32671,97,DE
32672,36,RB
32672,36o,RB
32673,36d,S
32674,50,OLB
32674,55,OLB
32675,49d,LB
32676,41,CB
32676,35,CB
32677,58,ILB
32678,37d,DB
32679,19,WR
32679,8,WR
32682,46d,MLB
32682,46,MLB
32682,49,MLB
32683,43,DB
32684,91,DE
32685,86,WR
32688,83,WR
32689,85,TE
32689,49w,TE
32689,45,TE
32689,49o,TE
32691,14,WR
32694,89,WR
32697,36,FS
32697,39,FS
32702,88,WR
32704,36,CB
32705,84,WR
32707,17,WR
32707,81,WR
32708,59,LB
32708,50,LB
32708,47,LB
32708,56,LB
32710,38,CB
32710,37,CB
32715,40,S
32716,86o,TE
32717,69,DE
32718,45,OLB
32719,56,DE
32719,98,DE
32724,1,WR
32724,16,WR
32724,11,WR
32725,89,TE
32728,06o,WR
32728,88,WR
32729,94,OLB
32730,55,DE
32730,47,DE
32732,83,WR
32732,85,WR
32733,42,OLB
32734,57,OLB
32735,40,CB
32735,26,CB
32737,37,FB
32738,38,CB
32739,82,WR
32740,44,FB
32740,97,FB
32741,43,RB
32741,25,RB
32743,46o,TE
32743,46,TE
32745,45,TE
32747,44,RB
32749,39,FS
32750,75,DE
32751,57,OLB
32753,46d,LS
32753,46,LS
32754,41,DB
32755,18,WR
32755,12,WR
32757,35d,CB
32758,28,CB
32759,98,DT
32761,90,DT
32762,95,DE
32763,94,NT
32764,2,RB
32765,13,WR
32766,78,T
32767,36,SS
32769,26,CB
32770,43,CB
32770,36,CB
32772,29,CB
32773,44,ILB
32774,26d,SS
32774,26,SS
32775,14,WR
32776,32d,CB
32776,32,CB
32780,24,RB
32781,98,DE
32782,28,RB
32782,28o,RB
32783,36,CB
32786,25,FS
32786,41,FS
32786,41d,FS
32788,24d,CB
32788,37,CB
32788,24,CB
32789,59,OLB
32790,36,FS
32791,19,WR
32793,24,SS
32793,29,SS
32794,86,FB
32794,40,FB
32795,16,WR
32796,52,OLB
32797,21,CB
32798,34,CB
32799,52,OLB
32801,83,WR
32801,18,WR
32802,50,ILB
32802,43d,ILB
32803,31,CB
32804,36,RB
32805,57,OLB
32806,39o,RB
32807,42,SS
32809,59,MLB
32810,24,CB
32810,37,CB
32810,32D,CB
32813,35,RB
32813,35O,RB
32814,30,CB
32815,81,WR
32815,19,WR
32817,85,WR
32817,83,WR
32819,47,SS
32820,48,ILB
32820,62d,ILB
32820,62,ILB
32823,35,CB
32828,75,DE
32829,46,CB
32829,37,CB
32830,41d,S
32831,38o,RB
32832,16,WR
32832,15,WR
32834,25d,CB
32836,37,CB
32836,37d,CB
32838,35,RB
32839,84,WR
32839,15,WR
32839,17,WR
32840,45,LB
32841,80,WR
32847,15,WR
32848,47,CB
32848,25D,CB
32849,36,CB
32851,43d,ILB
32851,45,ILB
32851,43,ILB
32851,45d,ILB
32852,45,NT
32853,44d,LB
32856,35,CB
32856,37,CB
32857,48o,LS
32857,48,LS
32858,49,LB
32859,97,DT
32860,92,DE
32860,68d,DE
32861,42,DB
32864,48,TE
32864,49o,TE
32868,61d,OLB
32871,75,NT
32871,71d,NT
32873,27d,S
32873,27,S
32875,20,CB
32875,46,CB
32876,81,WR
32880,57,LB
32881,11,WR
32881,87,WR
32883,70,DE
32884,51,MLB
32888,42,SS
32889,91,DT
32890,24,CB
32891,26,CB
32892,59,OLB
32894,53,ILB
32894,49,ILB
32895,57,OLB
32896,8,P
32897,34,FB
32900,85,TE
32902,27o,RB
32902,27,RB
32905,46d,DE
32905,46,DE
32906,44,OLB
32907,27d,SS
32910,56,ILB
32912,88,WR
32913,41,CB
32913,40d,CB
32914,46o,TE
32914,46,TE
32916,42,CB
32916,24,CB
32918,30,FB
32922,25,SS
32924,50,ILB
32924,44,ILB
32925,35d,CB
32926,15,WR
32926,80,WR
32928,44,MLB
32929,47,OLB
32931,40,CB
32932,85,TE
32933,32,CB
32934,29,CB
32934,33,CB
32935,16,WR
32937,83,WR
32937,13,WR
32937,19,WR
32938,75,NT
32939,48,SS
32940,33,RB
32942,29,CB
32942,45,CB
32942,27,CB
32943,9,P
32944,41,S
32945,81,WR
32946,21,CB
32946,49,CB
32949,94,DE
32951,11,WR
32952,57,DE
32955,51,OLB
32956,32,FB
32958,34,SS
32959,17,WR
32960,48,OLB
32963,16,WR
32964,39,RB
32964,39o,RB
32964,34,RB
32966,19,WR
32967,92,DT
32968,44,MLB
32970,48,OLB
32971,31,FS
32972,23,RB
32973,31,CB
32974,84,WR
32975,40,RB
32975,31,RB
32977,81,WR
32978,31,CB
32978,31D,CB
32979,58,ILB
32979,50,ILB
32980,14,WR
32980,84,WR
32983,54,OLB
32985,49D,CB
32986,88,TE
32986,49o,TE
32987,36,CB
32987,41d,CB
32987,41,CB
32993,40,RB
32994,57,OLB
32995,15,WR
32997,84,TE
32997,80,TE
32998,52,OLB
33001,35,SS
33001,26,SS
33001,36,SS
33003,1,WR
33004,30,RB
33006,85,WR
33006,19,WR
33009,83,WR
33010,92,DT
33013,40,FB
33015,85,WR
33017,12,WR
33019,31,CB
33019,28d,CB
33021,19,WR
33021,15,WR
33022,37,SS
33023,9,WR
33024,98,DE
33024,93,DE
33024,67,DE
33024,63,DE
33025,46,RB
33025,30,RB
33028,45,LB
33029,32o,RB
33031,49,LB
33034,12,WR
33035,38,RB
33037,92,DT
33038,21,FS
33040,10,WR
33040,81,WR
33041,32,CB
33041,25d,CB
33041,25,CB
33043,86,TE
33044,43,CB
33046,95,DE
33047,30,CB
33048,35,SS
33049,34,RB
33050,25,CB
33051,93,DT
33053,28,FS
33054,80,TE
33055,20,CB
33056,57,OLB
33058,59,ILB
33059,32,SS
33060,88,WR
33061,83,TE
33062,30,RB
33062,33,RB
33063,49,LS
33063,64,LS
33064,99,DE
33066,99,NT
33067,59,ILB
33068,45d,LB
33069,13,WR
33070,35,CB
33072,94,OLB
33073,90,DE
33074,92,OLB
33074,93,OLB
33076,26,SS
33076,30,SS
33078,81,WR
33078,14,WR
33079,80,WR
33080,87,TE
33082,62,G
33083,27,FS
33084,38,CB
33084,38d,CB
33084,29,CB
33086,49,LB
33086,51,LB
33086,59,LB
33087,86,WR
33087,18,WR
33089,2,K
33090,86,TE
33091,26,CB
33091,20,CB
33093,90,DE
33093,74,DE
33094,17,WR
33095,45,TE
33096,90,DE
33099,87,TE
33101,82,TE
33103,25,CB
33107,22,CB
33110,89,TE
33111,10,WR
33112,84,TE
33113,59,MLB
33114,13,WR
33114,88,WR
33115,42o,LS
33115,44,LS
33115,62,LS
33118,32,RB
33120,97,NT
33121,93,ILB
33122,91,DE
33123,91,DE
33124,23d,CB
33124,23,CB
33125,53,MLB
33127,15,WR
33128,48,LS
33129,94,DE
33131,96,DT
33132,20D,FS
33132,31,FS
33133,26,CB
33137,46,TE
33140,48,ILB
33140,49,ILB
33142,6,WR
33143,87,WR
33146,14,WR
33146,9,WR
33147,50,ILB
33147,58,ILB
33149,85,TE
33150,83,WR
33153,85,TE
33155,38d,SS
33155,39D,SS
33155,38,SS
33157,42,S
33165,48,DB
33173,35o,RB
33174,64d,DT
33179,6,WR
33180,9,WR
33181,47,DB
33181,43,DB
33185,99,LB
33186,47,LB
33187,39,CB
33188,54,LB
33191,50,LB
33193,25,RB
33195,48o,RB
33197,36o,RB
33199,59,LS
33200,9,P
33205,43,LS
33208,87,TE
33210,54,LS
33213,41,DB
33214,48,LB
33215,13,WR
33218,2,P
33220,35d,S
33222,87,CB
33227,39d,CB
33231,7,WR
33232,41,S
33233,48,FS
33235,39o,FB
33239,49,S
33240,42,TE
33241,39d,S
33242,54,OLB
33242,56,OLB
33244,60d,LB
33245,60o,C
33246,48,TE
33246,82,TE
33247,56,LB
33251,16,WR
33252,17,WR
33254,63d,DE
33257,42o,RB
33258,47,TE
33259,82,WR
33260,43,LS
33260,42,LS
33261,83,WR
33264,06o,WR
33266,87,WR
33266,6,WR
33267,40,CB
33267,31,CB
33268,40,RB
33269,2,P
33269,02d,P
33270,56,OLB
33270,49,OLB
33271,69d,DE
33274,25d,FS
33274,37,FS
33280,22,RB
33281,29,CB
33282,10,WR
33283,54,OLB
33286,32,RB
33291,16,WR
33292,81,WR
33293,33,RB
33294,36,FS
33295,35,RB
33295,25,RB
33296,40,RB
33298,45,DE
33298,55,DE
33299,31g,CB
33299,31,CB
33299,31d,CB
33302,38,FS
33304,32,RB
33305,19,WR
33306,83,WR
33306,1,WR
33306,17,WR
33307,84,WR
33307,6,WR
33308,22,RB
33309,3,WR
33313,30,FS
33313,30d,FS
33315,46o,TE
33315,83,TE
33316,26,FS
33316,49d,FS
33318,47o,FB
33324,64,DE
33324,64d,DE
33330,66,DE
33330,66d,DE
33332,87,TE
33333,38,DB
33334,83,WR
33336,50,OLB
33337,52,OLB
33338,82,TE
33339,37,SS
33339,36,SS
33341,44,FB
33344,56,MLB
33348,39,RB
33349,30,RB
33350,44,CB
33351,56,DT
33356,55,LB
33357,7,QB
33360,86,TE
33362,41,CB
33363,27,CB
33363,37,CB
33364,8,P
33364,5,P
33365,3,P
33366,16,WR
33366,88,WR
33367,83,WR
33368,53,ILB
33370,33,CB
33373,33,RB
33374,44,FB
33375,04O,WR
33376,42,DT
33379,6,WR
33381,70,DT
33382,80,WR
33384,39,RB
33384,46,RB
33385,47d,LB
33386,81,WR
33387,47,TE
33387,48o,TE
33389,34d,S
33390,29,CB
33392,48d,OLB
33392,48,OLB
33393,42,CB
33395,29,CB
33395,27d,CB
33396,26,S
33397,35d,S
33399,59,ILB
33400,16,P
33401,33,CB
33402,18,WR
33403,75,DE
33404,76,LB
33405,5,CB
33405,33,CB
33406,50,ILB
33407,81,WR
33408,91,DE
33408,64,DE
33409,16,WR
33410,32,CB
33411,82,WR
33413,38,RB
33415,27,FS
33415,2,FS
33416,61,DE
33417,84,WR
33420,52,MLB
33420,58,MLB
33421,82,TE
33423,44d,LB
33424,49,MLB
33425,30,CB
33430,31,CB
33430,26,CB
33432,41,CB
33434,85,WR
33435,41,CB
33435,31,CB
33439,81,TE
33440,37,S
33441,14,WR
33442,36,CB
33443,25,SS
33445,50,OLB
33445,35,OLB
33449,9,WR
33449,19,WR
33450,56,MLB
33452,47d,MLB
33452,47,MLB
33453,38,CB
33455,40,TE
33456,61,DE
33457,59,ILB
33460,15,WR
33461,52,ILB
33462,30,CB
33463,58,DE
33464,80,WR
33466,84,WR
33467,29,CB
33468,45,ILB
33470,34,FS
33474,4,WR
33475,48D,LB
33476,48,ILB
33477,46,OLB
33481,7,WR
33481,19,WR
33482,06d,CB
33485,30,CB
33492,34d,CB
33494,57,ILB
33495,43,S
33503,37,CB
33504,42,FB
33506,59,LB
33507,46,CB
33509,57,LB
33510,37,S
33512,27,SS
33514,49o,TE
33515,40o,RB
33516,6,WR
33520,34,CB
33523,95,DE
33524,20,CB
33525,52,OLB
33526,32,RB
33527,35,SS
33527,34d,SS
33528,87,TE
33530,19,WR
33531,49o,LS
33531,49,LS
33532,40,ILB
33533,38,CB
33533,20D,CB
33538,72,T
33539,40,MLB
33540,98,DE
33541,97,DE
33543,22,CB
33544,31,CB
33545,30,CB
33547,41,ILB
33548,33,CB
33549,42,OLB
33551,32,CB
33552,27,CB
33553,30o,RB
33554,33,FS
33555,10,WR
33556,29o,RB
33556,29,RB
33557,44,OLB
33559,80,TE
33561,34,RB
33562,10,WR
33563,91,DE
33566,36,CB
33566,20,CB
33567,23,RB
33567,25,RB
33568,27,CB
33570,50,ILB
33571,58,OLB
33572,39d,CB
33572,39,CB
33573,18,WR
33574,91,DE
33575,31,CB
33576,85,TE
33577,47,OLB
33579,25,FS
33580,40,OLB
33581,33,RB
33582,98,DT
33584,98,DT
33586,39,CB
33587,31,CB
33588,98,DE
33589,83,WR
33591,85,WR
33594,32,RB
33595,79,DE
33595,96,DE
33596,27,RB
33598,54,DT
33598,99,DT
33599,19,WR
33602,47,DB
33603,48,DB
33604,85,WR
33604,81,WR
33606,51,ILB
33608,35d,CB
33611,86,TE
33612,23D,CB
33613,45,RB
33615,48o,TE
33616,39,RB
33617,97,DT
33619,3,P
33620,89,WR
33621,47,S
33622,16,WR
33626,93,DT
33628,45,CB
33633,19,WR
33635,47,OLB
33638,45,ILB
33640,43,FB
33640,43o,FB
33642,50,MLB
33644,48d,LB
33645,41,CB
33646,42,CB
33648,89,TE
33649,43,SS
33650,49,LB
33652,38,CB
33655,18,WR
33657,48,LB
33658,89,TE
33659,43,ILB
33661,66,DT
33664,31o,RB
33665,44,LB
33666,69,OLB
33669,3,WR
33671,38,CB
33674,36,S
33675,35,FS
33677,2,S
33678,41,MLB
33680,85,TE
33681,84,WR
33683,41O,RB
33685,58,LB
33693,59,DE
33695,86,WR
33696,80,TE
33697,43,CB
33697,43d,CB
33699,03o,RB
33699,3,RB
33699,03d,RB
33699,30,RB
33700,52,OLB
33700,58,OLB
33700,53,OLB
33704,49d,OLB
33704,49,OLB
33706,82,WR
33707,39,CB
33710,43d,CB
33710,30,CB
33716,46,MLB
33717,19,WR
33719,43o,RB
33719,43,RB
33721,35,CB
33725,30,RB
33725,30o,RB
33729,1,P
33731,49,SS
33733,89,WR
33734,30d,CB
33735,85,TE
33736,39,FB
33738,53d,LB
33738,41,LB
33739,1,WR
33742,46o,TE
33746,79,DE
33747,83,WR
33748,38o,RB
33748,38,RB
33753,84,WR
33755,12,WR
33756,47,CB
33756,47d,CB
33757,49,TE
33758,78,DE
33760,42,RB
33760,33,RB
33762,41,RB
33762,41o,RB
33765,51,ILB
33770,34,CB
33770,19,CB
33772,89,WR
33773,83,WR
33775,58,OLB
33776,53,OLB
33778,36,S
33779,32,CB
33780,50,ILB
33782,57,DE
33783,23,CB
33783,41,CB
33784,39,FS
33786,98,DT
33789,22,RB
33790,50,OLB
33791,40,FS
33792,30,SS
33794,44,OLB
33796,37o,RB
33798,86,TE
33800,38o,RB
33802,80,WR
33803,12,WR
33808,42,S
33809,39,CB
33810,44,CB
33812,33d,CB
33813,35,S
33813,35d,S
33815,1,WR
33817,31O,RB
33818,31D,S
33819,20,SS
33820,66,OLB
33821,37,CB
33824,95,LB
33826,43,CB
33828,37d,CB
33829,42d,S
33829,42,S
33832,28,S
33835,46,LB
33838,33,RB
33839,12,WR
33840,6,WR
33840,16,WR
33841,53,OLB
33842,37,RB
33843,12,WR
33845,36d,CB
33845,36,CB
33849,46d,ILB
33849,46,ILB
33851,46,LB
33852,40,OLB
33853,37,CB
33854,48,RB
33854,44,RB
33855,14,WR
33857,19,WR
33858,81,TE
33859,80,WR
33860,56,DT
33861,40,CB
33862,5,K
33864,83,WR
33867,56,LB
33868,95,DE
33870,94,DE
33872,33,SS
33874,23,CB
33875,43,ILB
33876,96,DE
33877,29,FS
33878,25,CB
33880,90,DE
33881,88,TE
33882,22,CB
33883,22,SS
33884,27,CB
33885,85,TE
33886,90,OLB
33887,56,OLB
33890,36,SS
33892,26,FS
33894,43,FS
33895,81,TE
33896,87,TE
33898,21,SS
33900,20,DB
33902,92,OLB
33903,27,SS
33905,65,DT
33906,41,RB
33907,94,DE
33908,18,WR
33911,13,WR
33912,75,DE
33912,99,DE
33913,93,NT
33914,47,OLB
33915,56,OLB
33916,18,WR
33917,58,DE
33918,31,CB
33918,31d,CB
33919,11,WR
33920,95,DE
33921,12,WR
33923,27o,RB
33924,94,DT
33925,27,RB
33926,26,CB
33927,43,SS
33928,27,CB
33930,20,CB
33930,34,CB
33931,42,FS
33932,19,WR
33933,16,WR
33934,92,DT
33935,91,DE
33937,84,WR
33938,51,OLB
33939,45,OLB
33940,94,DT
33941,03d,FS
33941,3,FS
33941,25,FS
33943,83,WR
33944,42,OLB
33945,50,OLB
33947,91,DE
33948,30,RB
33950,22,RB
33950,22o,RB
33950,30,RB
33951,25,RB
33952,90,NT
33952,68,NT
33953,49o,TE
33953,49w,TE
33954,55,ILB
33955,33,RB
33956,55,ILB
33957,12,WR
33961,53,OLB
33961,49,OLB
33962,99,DE
33963,92,NT
33964,97,DE
33966,84,TE
33967,39,RB
33968,13,WR
33969,60,DE
33970,26,SS
33973,47,OLB
33973,56,OLB
33974,51,OLB
33975,34,RB
33976,90,DT
33977,39,DB
33978,4,P
33978,04s,P
33979,85,TE
33980,46,FB
33985,33d,CB
33986,43,LB
33987,25,DB
33989,35,CB
33990,87,TE
33991,09o,WR
33992,14,WR
33993,38d,DB
33997,43,OLB
33997,41,OLB
34000,80,TE
34001,37,CB
34003,58,LB
34004,1,WR
34005,39,CB
34006,59,LB
34010,89,TE
34015,02o,WR
34016,37,RB
34016,37o,RB
34020,49,LB
34023,17,WR
34024,49o,TE
34025,02o,WR
34027,88,WR
34029,48d,LB
34031,35,CB
34034,4,WR
34035,82,WR
34038,17,WR
34042,47,DB
34046,9,DB
34048,34d,CB
34050,36,DB
